Epoch,Train Loss,Train Accuracy,Validation Loss,Validation Accuracy
1,0.7126166820526123,0.23333333432674408,0.7019807696342468,0.4625000059604645
2,0.6927476525306702,0.5249999761581421,0.6862581372261047,0.5625
3,0.6766300797462463,0.5708333253860474,0.6726035475730896,0.6499999761581421
4,0.6630683541297913,0.6791666746139526,0.6602648496627808,0.7250000238418579
5,0.6498070359230042,0.737500011920929,0.648612380027771,0.75
6,0.6366084218025208,0.7749999761581421,0.6370951533317566,0.800000011920929
7,0.6230724453926086,0.8041666746139526,0.6251126527786255,0.800000011920929
8,0.6083961129188538,0.824999988079071,0.611704409122467,0.824999988079071
9,0.5922327637672424,0.824999988079071,0.5976219177246094,0.824999988079071
10,0.5753041505813599,0.8333333134651184,0.5827299356460571,0.8374999761581421
11,0.5576406717300415,0.8291666507720947,0.5674838423728943,0.8500000238418579
12,0.5394665002822876,0.8333333134651184,0.5518657565116882,0.8500000238418579
13,0.5207289457321167,0.824999988079071,0.5360567569732666,0.8500000238418579
14,0.5015175938606262,0.8291666507720947,0.5203534364700317,0.8374999761581421
15,0.4821239709854126,0.824999988079071,0.5046161413192749,0.8374999761581421
16,0.46303659677505493,0.8374999761581421,0.48947134613990784,0.8500000238418579
17,0.44459912180900574,0.8458333611488342,0.4750041961669922,0.8374999761581421
18,0.4269291162490845,0.8500000238418579,0.46213656663894653,0.8374999761581421
19,0.4104466736316681,0.8666666746139526,0.44925570487976074,0.824999988079071
20,0.39484894275665283,0.8666666746139526,0.4378598630428314,0.824999988079071
21,0.3803462088108063,0.862500011920929,0.4270322322845459,0.8374999761581421
22,0.36686232686042786,0.8666666746139526,0.4176674783229828,0.8374999761581421
23,0.35476070642471313,0.8666666746139526,0.40864434838294983,0.824999988079071
24,0.3434506952762604,0.8666666746139526,0.40285247564315796,0.8374999761581421
25,0.33380162715911865,0.8708333373069763,0.395366907119751,0.824999988079071
26,0.32486581802368164,0.875,0.38970500230789185,0.824999988079071
27,0.3166887164115906,0.8833333253860474,0.384591668844223,0.824999988079071
28,0.30942437052726746,0.8791666626930237,0.3802775740623474,0.824999988079071
29,0.30319228768348694,0.8791666626930237,0.378417432308197,0.824999988079071
30,0.2973867952823639,0.887499988079071,0.37596338987350464,0.824999988079071
31,0.2920931279659271,0.887499988079071,0.374428927898407,0.8374999761581421
32,0.28703585267066956,0.887499988079071,0.37147068977355957,0.8374999761581421
33,0.2824574112892151,0.887499988079071,0.37418821454048157,0.8500000238418579
34,0.278911292552948,0.887499988079071,0.3712446987628937,0.8374999761581421
35,0.27505603432655334,0.8833333253860474,0.3731510043144226,0.8374999761581421
36,0.2719172537326813,0.887499988079071,0.3700835108757019,0.8374999761581421
37,0.26812508702278137,0.8916666507720947,0.3655869960784912,0.8374999761581421
38,0.2659154236316681,0.8916666507720947,0.37031620740890503,0.8374999761581421
39,0.26350894570350647,0.8999999761581421,0.37187880277633667,0.8374999761581421
40,0.26114943623542786,0.8958333134651184,0.3731493651866913,0.8374999761581421
41,0.2591800391674042,0.8999999761581421,0.3697495460510254,0.8374999761581421
42,0.25658944249153137,0.8999999761581421,0.3725590109825134,0.8374999761581421
43,0.2550884783267975,0.8958333134651184,0.3747715353965759,0.8500000238418579
44,0.2537156641483307,0.8999999761581421,0.3719291090965271,0.8500000238418579
45,0.2519507110118866,0.8999999761581421,0.3704107701778412,0.8500000238418579
46,0.2502036988735199,0.9041666388511658,0.3692079186439514,0.8500000238418579
47,0.24875973165035248,0.8999999761581421,0.3671540915966034,0.8500000238418579
48,0.2476990818977356,0.8958333134651184,0.37214452028274536,0.862500011920929
49,0.24635478854179382,0.9041666388511658,0.3738035261631012,0.862500011920929
50,0.24493028223514557,0.9125000238418579,0.3709854781627655,0.862500011920929
51,0.24364465475082397,0.8999999761581421,0.37661296129226685,0.862500011920929
52,0.24281197786331177,0.9083333611488342,0.37517619132995605,0.862500011920929
53,0.24145427346229553,0.9083333611488342,0.3759389817714691,0.862500011920929
54,0.2405797690153122,0.9083333611488342,0.3743612468242645,0.862500011920929
55,0.23939965665340424,0.9083333611488342,0.37661975622177124,0.862500011920929
56,0.23849011957645416,0.9041666388511658,0.3740464746952057,0.862500011920929
57,0.2375384122133255,0.9083333611488342,0.3744819760322571,0.862500011920929
58,0.23664149641990662,0.9083333611488342,0.3750835061073303,0.8500000238418579
59,0.23510625958442688,0.9083333611488342,0.38113299012184143,0.8500000238418579
60,0.23358939588069916,0.9083333611488342,0.3705518841743469,0.8500000238418579
61,0.23384536802768707,0.9083333611488342,0.37012356519699097,0.8374999761581421
62,0.2332867830991745,0.9083333611488342,0.3742585778236389,0.8500000238418579
63,0.23218700289726257,0.9083333611488342,0.37568098306655884,0.8500000238418579
64,0.23145098984241486,0.9041666388511658,0.376143217086792,0.8500000238418579
65,0.2304946929216385,0.9083333611488342,0.37231260538101196,0.8374999761581421
66,0.2291598916053772,0.9083333611488342,0.37116897106170654,0.8374999761581421
67,0.22929807007312775,0.9083333611488342,0.3746718764305115,0.8500000238418579
68,0.22812074422836304,0.9125000238418579,0.373465359210968,0.8374999761581421
69,0.2269871085882187,0.9125000238418579,0.3683830797672272,0.8374999761581421
70,0.2269095927476883,0.9083333611488342,0.36880260705947876,0.8374999761581421
71,0.22719226777553558,0.9083333611488342,0.3727380633354187,0.8374999761581421
72,0.22598591446876526,0.9125000238418579,0.37156638503074646,0.8374999761581421
73,0.22564774751663208,0.9125000238418579,0.3762010931968689,0.8500000238418579
74,0.22503556311130524,0.9083333611488342,0.37949681282043457,0.8500000238418579
75,0.22412632405757904,0.9125000238418579,0.38229960203170776,0.8500000238418579
76,0.22379790246486664,0.9083333611488342,0.3757181167602539,0.8500000238418579
77,0.223455011844635,0.9125000238418579,0.3736152648925781,0.8374999761581421
78,0.22285021841526031,0.9083333611488342,0.3758140504360199,0.8500000238418579
79,0.2223781943321228,0.9125000238418579,0.37696099281311035,0.8500000238418579
80,0.22166046500205994,0.9125000238418579,0.37490135431289673,0.8374999761581421
81,0.22087503969669342,0.9083333611488342,0.3756367266178131,0.8500000238418579
82,0.22067083418369293,0.9125000238418579,0.372979998588562,0.8374999761581421
83,0.21980881690979004,0.9083333611488342,0.37850403785705566,0.8500000238418579
84,0.21910735964775085,0.9125000238418579,0.380024254322052,0.8500000238418579
85,0.21903373301029205,0.9125000238418579,0.3785253167152405,0.8500000238418579
86,0.21841736137866974,0.9125000238418579,0.3726224899291992,0.8374999761581421
87,0.21825426816940308,0.9125000238418579,0.37248802185058594,0.8374999761581421
88,0.21752338111400604,0.9125000238418579,0.3709447979927063,0.8374999761581421
89,0.2166679948568344,0.9166666865348816,0.37303856015205383,0.8374999761581421
90,0.21627941727638245,0.9125000238418579,0.3684011697769165,0.8374999761581421
91,0.21582284569740295,0.9125000238418579,0.37554073333740234,0.8500000238418579
92,0.21572332084178925,0.9125000238418579,0.3759942948818207,0.8500000238418579
93,0.21520110964775085,0.9125000238418579,0.37217947840690613,0.8374999761581421
94,0.21461085975170135,0.9125000238418579,0.3735291361808777,0.8500000238418579
95,0.21403604745864868,0.9166666865348816,0.36916887760162354,0.8374999761581421
96,0.21316030621528625,0.9166666865348816,0.3659221827983856,0.8374999761581421
97,0.2123565673828125,0.9083333611488342,0.3724803626537323,0.8500000238418579
98,0.2125854343175888,0.9125000238418579,0.3736575245857239,0.8500000238418579
99,0.21191450953483582,0.9166666865348816,0.376434862613678,0.8500000238418579
100,0.2106933891773224,0.9166666865348816,0.3722905218601227,0.8500000238418579
101,0.2084096223115921,0.9208333492279053,0.35681381821632385,0.8374999761581421
102,0.21118782460689545,0.9125000238418579,0.3625669479370117,0.8374999761581421
103,0.20976582169532776,0.9083333611488342,0.3669265806674957,0.8374999761581421
104,0.20777906477451324,0.9166666865348816,0.37895119190216064,0.8500000238418579
105,0.2091633826494217,0.9166666865348816,0.37018170952796936,0.8500000238418579
106,0.20826640725135803,0.9166666865348816,0.37051936984062195,0.8500000238418579
107,0.20783129334449768,0.9166666865348816,0.3655777871608734,0.8374999761581421
108,0.20670810341835022,0.9166666865348816,0.37329572439193726,0.8500000238418579
109,0.20622706413269043,0.9208333492279053,0.36014872789382935,0.8374999761581421
110,0.20601969957351685,0.9166666865348816,0.3653317987918854,0.8500000238418579
111,0.20494244992733002,0.9166666865348816,0.3662962317466736,0.8500000238418579
112,0.20458941161632538,0.9166666865348816,0.36170414090156555,0.8374999761581421
113,0.20209863781929016,0.9208333492279053,0.37659940123558044,0.8500000238418579
114,0.20385251939296722,0.9166666865348816,0.3615265488624573,0.8374999761581421
115,0.20243696868419647,0.9208333492279053,0.36719343066215515,0.8500000238418579
116,0.1998642534017563,0.9208333492279053,0.3497118651866913,0.8374999761581421
117,0.20115633308887482,0.9166666865348816,0.3656783401966095,0.8500000238418579
118,0.2014341503381729,0.9166666865348816,0.3604152500629425,0.8500000238418579
119,0.19981160759925842,0.9208333492279053,0.351377934217453,0.8374999761581421
120,0.20002396404743195,0.9166666865348816,0.35261964797973633,0.8374999761581421
121,0.19842320680618286,0.9166666865348816,0.36455368995666504,0.8500000238418579
122,0.1986832171678543,0.9208333492279053,0.3599078059196472,0.8500000238418579
123,0.1978885680437088,0.9166666865348816,0.3543431758880615,0.8500000238418579
124,0.19738630950450897,0.9166666865348816,0.3579489290714264,0.8500000238418579
125,0.19514909386634827,0.9166666865348816,0.36882275342941284,0.8500000238418579
126,0.1950053870677948,0.9166666865348816,0.3541095554828644,0.8500000238418579
127,0.1953437775373459,0.9166666865348816,0.3550579249858856,0.8500000238418579
128,0.19472329318523407,0.9208333492279053,0.351716548204422,0.8500000238418579
129,0.19413594901561737,0.9166666865348816,0.3499595522880554,0.8500000238418579
130,0.19295287132263184,0.9208333492279053,0.3558970093727112,0.8500000238418579
131,0.1917770504951477,0.9208333492279053,0.3412446677684784,0.8374999761581421
132,0.19109515845775604,0.9166666865348816,0.3373219072818756,0.8374999761581421
133,0.19151310622692108,0.9166666865348816,0.34567201137542725,0.8500000238418579
134,0.1902594119310379,0.9208333492279053,0.34815752506256104,0.8500000238418579
135,0.18763475120067596,0.9166666865348816,0.35733482241630554,0.8500000238418579
136,0.1893506646156311,0.9208333492279053,0.35179653763771057,0.8500000238418579
137,0.1880294531583786,0.9208333492279053,0.3501679301261902,0.8500000238418579
138,0.1864158660173416,0.925000011920929,0.33824262022972107,0.8500000238418579
139,0.18606774508953094,0.9208333492279053,0.3447316288948059,0.8500000238418579
140,0.18447326123714447,0.925000011920929,0.33233872056007385,0.8374999761581421
141,0.18466046452522278,0.9166666865348816,0.33637043833732605,0.8500000238418579
142,0.18377895653247833,0.9208333492279053,0.32991909980773926,0.8374999761581421
143,0.1828940212726593,0.9208333492279053,0.3276591897010803,0.8374999761581421
144,0.181582972407341,0.9208333492279053,0.32746565341949463,0.8374999761581421
145,0.18075594305992126,0.9208333492279053,0.3434297442436218,0.8500000238418579
146,0.18029122054576874,0.9208333492279053,0.3276101350784302,0.8500000238418579
147,0.17978911101818085,0.9208333492279053,0.3254103660583496,0.8500000238418579
148,0.1779429018497467,0.9166666865348816,0.33153241872787476,0.8500000238418579
149,0.17729513347148895,0.9208333492279053,0.3340592682361603,0.8500000238418579
150,0.17734532058238983,0.9208333492279053,0.3308536410331726,0.8500000238418579
151,0.17631688714027405,0.925000011920929,0.32331663370132446,0.8500000238418579
152,0.1756843477487564,0.9208333492279053,0.3223266899585724,0.8500000238418579
153,0.1741332858800888,0.9208333492279053,0.331130713224411,0.8500000238418579
154,0.17390911281108856,0.925000011920929,0.32265332341194153,0.8500000238418579
155,0.17258524894714355,0.925000011920929,0.31896668672561646,0.8500000238418579
156,0.16759376227855682,0.925000011920929,0.34152752161026,0.8500000238418579
157,0.17091943323612213,0.925000011920929,0.3140262961387634,0.862500011920929
158,0.17002826929092407,0.9208333492279053,0.31497493386268616,0.8500000238418579
159,0.1684672087430954,0.9208333492279053,0.3090686798095703,0.862500011920929
160,0.16819420456886292,0.9208333492279053,0.3094797730445862,0.862500011920929
161,0.16649654507637024,0.9208333492279053,0.3126258850097656,0.8500000238418579
162,0.16550776362419128,0.9291666746139526,0.3160298764705658,0.8500000238418579
163,0.1632467806339264,0.925000011920929,0.31135138869285583,0.8500000238418579
164,0.16412138938903809,0.925000011920929,0.3061232566833496,0.862500011920929
165,0.1625239998102188,0.925000011920929,0.31192708015441895,0.8500000238418579
166,0.16159048676490784,0.925000011920929,0.29911860823631287,0.875
167,0.15899820625782013,0.9333333373069763,0.3018798232078552,0.862500011920929
168,0.15985478460788727,0.9208333492279053,0.2939033806324005,0.875
169,0.15882158279418945,0.9291666746139526,0.2912738621234894,0.875
170,0.15691059827804565,0.9333333373069763,0.28874677419662476,0.875
171,0.15747348964214325,0.9333333373069763,0.29109564423561096,0.875
172,0.15602557361125946,0.9291666746139526,0.296950101852417,0.862500011920929
173,0.15361447632312775,0.9333333373069763,0.28203457593917847,0.875
174,0.15437288582324982,0.9291666746139526,0.2897605299949646,0.875
175,0.15216439962387085,0.9291666746139526,0.29792746901512146,0.862500011920929
176,0.15181703865528107,0.9291666746139526,0.2823183536529541,0.875
177,0.15052565932273865,0.9333333373069763,0.2798939347267151,0.875
178,0.14955899119377136,0.9291666746139526,0.28746089339256287,0.875
179,0.14882278442382812,0.9333333373069763,0.2838849425315857,0.875
180,0.1478203386068344,0.9375,0.27973687648773193,0.875
181,0.14610962569713593,0.9416666626930237,0.27630990743637085,0.875
182,0.14455053210258484,0.9291666746139526,0.2666912078857422,0.875
183,0.14095482230186462,0.949999988079071,0.28723663091659546,0.862500011920929
184,0.14364957809448242,0.9375,0.2748412489891052,0.875
185,0.14200793206691742,0.9458333253860474,0.26785123348236084,0.875
186,0.14117489755153656,0.9416666626930237,0.2675730288028717,0.875
187,0.13958042860031128,0.9375,0.260552316904068,0.887499988079071
188,0.13855648040771484,0.9458333253860474,0.27424997091293335,0.875
189,0.13701534271240234,0.9458333253860474,0.26182109117507935,0.887499988079071
190,0.13666348159313202,0.9416666626930237,0.2537471055984497,0.887499988079071
191,0.136735737323761,0.949999988079071,0.25591105222702026,0.887499988079071
192,0.1355544924736023,0.949999988079071,0.2567712366580963,0.887499988079071
193,0.13313357532024384,0.9458333253860474,0.2686292231082916,0.875
194,0.13034768402576447,0.9541666507720947,0.2466728389263153,0.887499988079071
195,0.13170400261878967,0.9416666626930237,0.26015105843544006,0.875
196,0.13133783638477325,0.949999988079071,0.26135677099227905,0.875
197,0.1302953064441681,0.949999988079071,0.2556019425392151,0.887499988079071
198,0.1285191774368286,0.9458333253860474,0.26254910230636597,0.875
199,0.1283571869134903,0.9583333134651184,0.24801182746887207,0.887499988079071
200,0.12329574674367905,0.9541666507720947,0.27413836121559143,0.875
201,0.1272101104259491,0.949999988079071,0.24754126369953156,0.887499988079071
202,0.12588301301002502,0.949999988079071,0.24977830052375793,0.887499988079071
203,0.12450800091028214,0.949999988079071,0.2560111880302429,0.887499988079071
204,0.12417773902416229,0.9458333253860474,0.24638691544532776,0.887499988079071
205,0.12254644185304642,0.9541666507720947,0.23661856353282928,0.887499988079071
206,0.12065131217241287,0.9583333134651184,0.25400400161743164,0.887499988079071
207,0.11984117329120636,0.9624999761581421,0.2309916466474533,0.887499988079071
208,0.117245152592659,0.9583333134651184,0.2452486753463745,0.887499988079071
209,0.11896061152219772,0.9624999761581421,0.23687414824962616,0.887499988079071
210,0.11805032193660736,0.9583333134651184,0.2304850071668625,0.887499988079071
211,0.11736937612295151,0.9583333134651184,0.23294392228126526,0.887499988079071
212,0.1166672334074974,0.9583333134651184,0.2328839749097824,0.887499988079071
213,0.11581993103027344,0.9583333134651184,0.2271241694688797,0.887499988079071
214,0.11513244360685349,0.9583333134651184,0.22981205582618713,0.887499988079071
215,0.11284339427947998,0.9666666388511658,0.2310863435268402,0.887499988079071
216,0.11352985352277756,0.9666666388511658,0.23174992203712463,0.887499988079071
217,0.1130690649151802,0.9583333134651184,0.22478678822517395,0.887499988079071
218,0.11183406412601471,0.9666666388511658,0.22971054911613464,0.887499988079071
219,0.11167200654745102,0.9583333134651184,0.2270553857088089,0.887499988079071
220,0.10941793024539948,0.9583333134651184,0.21638469398021698,0.8999999761581421
221,0.10610248148441315,0.9666666388511658,0.24335436522960663,0.887499988079071
222,0.10997477173805237,0.9583333134651184,0.22908882796764374,0.887499988079071
223,0.10837701708078384,0.9583333134651184,0.2206404209136963,0.887499988079071
224,0.10716115683317184,0.9541666507720947,0.22086961567401886,0.887499988079071
225,0.10534192621707916,0.9708333611488342,0.21169249713420868,0.8999999761581421
226,0.10060632228851318,0.9666666388511658,0.2404102385044098,0.887499988079071
227,0.10717706382274628,0.9541666507720947,0.22003063559532166,0.887499988079071
228,0.10542753338813782,0.9666666388511658,0.21669697761535645,0.887499988079071
229,0.10268738865852356,0.9666666388511658,0.23279675841331482,0.887499988079071
230,0.10346817225217819,0.9624999761581421,0.21347716450691223,0.887499988079071
231,0.10233581066131592,0.9624999761581421,0.22275909781455994,0.887499988079071
232,0.1023579090833664,0.9624999761581421,0.20982682704925537,0.887499988079071
233,0.10117457062005997,0.9666666388511658,0.21531453728675842,0.887499988079071
234,0.10021904110908508,0.9750000238418579,0.22567839920520782,0.887499988079071
235,0.10024237632751465,0.9666666388511658,0.22895443439483643,0.887499988079071
236,0.09990761429071426,0.9666666388511658,0.20345017313957214,0.8999999761581421
237,0.09976034611463547,0.9666666388511658,0.20541396737098694,0.8999999761581421
238,0.09760458767414093,0.9624999761581421,0.1971713900566101,0.8999999761581421
239,0.09925741702318192,0.9666666388511658,0.20917561650276184,0.887499988079071
240,0.09652385860681534,0.9666666388511658,0.19908107817173004,0.8999999761581421
241,0.09690860658884048,0.9708333611488342,0.20179817080497742,0.8999999761581421
242,0.09619103372097015,0.9750000238418579,0.21459922194480896,0.887499988079071
243,0.09635899215936661,0.9666666388511658,0.211099311709404,0.887499988079071
244,0.09503712505102158,0.9666666388511658,0.2098400890827179,0.887499988079071
245,0.09498418122529984,0.9583333134651184,0.19866123795509338,0.8999999761581421
246,0.0949540063738823,0.9708333611488342,0.1983325034379959,0.8999999761581421
247,0.09484342485666275,0.9708333611488342,0.2069842368364334,0.887499988079071
248,0.09352795779705048,0.9708333611488342,0.2128067910671234,0.887499988079071
249,0.09430430084466934,0.9624999761581421,0.20324799418449402,0.8999999761581421
250,0.09337489306926727,0.9583333134651184,0.19996194541454315,0.8999999761581421
251,0.09324862062931061,0.9624999761581421,0.20307452976703644,0.8999999761581421
252,0.08864622563123703,0.9708333611488342,0.22739633917808533,0.8999999761581421
253,0.09379425644874573,0.9624999761581421,0.19970537722110748,0.8999999761581421
254,0.0922107845544815,0.9624999761581421,0.20171447098255157,0.8999999761581421
255,0.09137013554573059,0.9708333611488342,0.200060173869133,0.8999999761581421
256,0.08843951672315598,0.9583333134651184,0.1889757364988327,0.9125000238418579
257,0.0903637558221817,0.9624999761581421,0.20871853828430176,0.887499988079071
258,0.08941478282213211,0.9624999761581421,0.1893741339445114,0.9125000238418579
259,0.09025292098522186,0.9666666388511658,0.1966635286808014,0.8999999761581421
260,0.09003247320652008,0.9583333134651184,0.1988781988620758,0.8999999761581421
261,0.08827236294746399,0.9666666388511658,0.20743398368358612,0.887499988079071
262,0.08847484737634659,0.9624999761581421,0.1989624798297882,0.8999999761581421
263,0.08857758343219757,0.9624999761581421,0.19087554514408112,0.9125000238418579
264,0.08871878683567047,0.9666666388511658,0.19290274381637573,0.8999999761581421
265,0.08418828994035721,0.9666666388511658,0.22205770015716553,0.8999999761581421
266,0.08852838724851608,0.9666666388511658,0.1934245526790619,0.8999999761581421
267,0.08747582137584686,0.9708333611488342,0.19629955291748047,0.8999999761581421
268,0.08607427030801773,0.9708333611488342,0.20284835994243622,0.8999999761581421
269,0.08707739412784576,0.9624999761581421,0.19169138371944427,0.8999999761581421
270,0.08516287803649902,0.9666666388511658,0.19660720229148865,0.8999999761581421
271,0.08621958643198013,0.9624999761581421,0.18701399862766266,0.9125000238418579
272,0.08532188832759857,0.9666666388511658,0.2034997195005417,0.8999999761581421
273,0.0855940729379654,0.9666666388511658,0.191865473985672,0.9125000238418579
274,0.08548017591238022,0.9583333134651184,0.1876605600118637,0.9125000238418579
275,0.08564382046461105,0.9624999761581421,0.185273215174675,0.9125000238418579
276,0.08468271791934967,0.9624999761581421,0.19649241864681244,0.8999999761581421
277,0.08413342386484146,0.9666666388511658,0.19473527371883392,0.8999999761581421
278,0.0851413905620575,0.9666666388511658,0.1970003992319107,0.8999999761581421
279,0.08483990281820297,0.9583333134651184,0.19467106461524963,0.8999999761581421
280,0.08451852202415466,0.9666666388511658,0.19059035181999207,0.9125000238418579
281,0.08393178135156631,0.9666666388511658,0.19948838651180267,0.8999999761581421
282,0.08311979472637177,0.9708333611488342,0.19448789954185486,0.8999999761581421
283,0.08400009572505951,0.9666666388511658,0.1908464878797531,0.9125000238418579
284,0.08160163462162018,0.9708333611488342,0.20919346809387207,0.887499988079071
285,0.08356013894081116,0.9708333611488342,0.18842992186546326,0.9125000238418579
286,0.08349687606096268,0.9583333134651184,0.18882741034030914,0.9125000238418579
287,0.0827077180147171,0.9583333134651184,0.19195935130119324,0.9125000238418579
288,0.08290505409240723,0.9708333611488342,0.19355422258377075,0.9125000238418579
289,0.08100625872612,0.9666666388511658,0.191762775182724,0.9125000238418579
290,0.07868148386478424,0.9708333611488342,0.20648808777332306,0.8999999761581421
291,0.08341415226459503,0.9624999761581421,0.19197362661361694,0.9125000238418579
292,0.08031685650348663,0.9624999761581421,0.20745117962360382,0.887499988079071
293,0.0813831314444542,0.9624999761581421,0.1832370012998581,0.925000011920929
294,0.08188329637050629,0.9666666388511658,0.19363434612751007,0.8999999761581421
295,0.08186457306146622,0.9583333134651184,0.18643760681152344,0.9125000238418579
296,0.08004435151815414,0.9624999761581421,0.17641191184520721,0.925000011920929
297,0.08120474964380264,0.9624999761581421,0.17822517454624176,0.925000011920929
298,0.08165100961923599,0.9624999761581421,0.1849045753479004,0.925000011920929
299,0.08014416694641113,0.9708333611488342,0.1911398470401764,0.9125000238418579
300,0.08034296333789825,0.9666666388511658,0.1844739019870758,0.9125000238418579
301,0.08016481250524521,0.9666666388511658,0.17904390394687653,0.925000011920929
302,0.07994182407855988,0.9666666388511658,0.17693375051021576,0.925000011920929
303,0.08049975335597992,0.9666666388511658,0.17804083228111267,0.925000011920929
304,0.08013443648815155,0.9708333611488342,0.1882711499929428,0.9125000238418579
305,0.07626942545175552,0.9791666865348816,0.2092088758945465,0.887499988079071
306,0.08139535784721375,0.9624999761581421,0.18897584080696106,0.925000011920929
307,0.0781683474779129,0.9708333611488342,0.19811002910137177,0.9125000238418579
308,0.07837636768817902,0.9624999761581421,0.19025370478630066,0.9125000238418579
309,0.07908237725496292,0.9750000238418579,0.1885351836681366,0.9125000238418579
310,0.07899793237447739,0.9666666388511658,0.19075804948806763,0.925000011920929
311,0.0782627984881401,0.9624999761581421,0.19559624791145325,0.925000011920929
312,0.07800077646970749,0.9666666388511658,0.1802714765071869,0.925000011920929
313,0.07724101841449738,0.9666666388511658,0.20235379040241241,0.8999999761581421
314,0.07752984017133713,0.9708333611488342,0.17640012502670288,0.925000011920929
315,0.07897305488586426,0.9624999761581421,0.17522582411766052,0.925000011920929
316,0.07891648262739182,0.9624999761581421,0.184706449508667,0.925000011920929
317,0.07720576971769333,0.9666666388511658,0.1759025901556015,0.925000011920929
318,0.07645981013774872,0.9750000238418579,0.19695253670215607,0.9125000238418579
319,0.0768878161907196,0.9583333134651184,0.1756201684474945,0.925000011920929
320,0.0768682137131691,0.9583333134651184,0.1735002100467682,0.925000011920929
321,0.07854143530130386,0.9666666388511658,0.1882810890674591,0.925000011920929
322,0.0777869001030922,0.9583333134651184,0.18403565883636475,0.9375
323,0.07779182493686676,0.9666666388511658,0.19390161335468292,0.925000011920929
324,0.07650962471961975,0.9666666388511658,0.18567200005054474,0.9375
325,0.07524066418409348,0.9666666388511658,0.17264655232429504,0.925000011920929
326,0.07734023779630661,0.9708333611488342,0.1931554228067398,0.925000011920929
327,0.07721768319606781,0.9583333134651184,0.18471065163612366,0.925000011920929
328,0.07578261941671371,0.9666666388511658,0.183904230594635,0.925000011920929
329,0.07665800303220749,0.9624999761581421,0.1758081167936325,0.925000011920929
330,0.07654209434986115,0.9708333611488342,0.17902615666389465,0.9375
331,0.0757758691906929,0.9624999761581421,0.1954176425933838,0.9125000238418579
332,0.07693230360746384,0.9624999761581421,0.18024799227714539,0.925000011920929
333,0.07495235651731491,0.9583333134651184,0.19441834092140198,0.9125000238418579
334,0.07654177397489548,0.9666666388511658,0.18812862038612366,0.9375
335,0.076575867831707,0.9666666388511658,0.18678617477416992,0.9375
336,0.07665075361728668,0.9666666388511658,0.18349479138851166,0.9375
337,0.07666272670030594,0.9666666388511658,0.18160507082939148,0.9375
338,0.07605874538421631,0.9666666388511658,0.18182729184627533,0.9375
339,0.0749882310628891,0.9624999761581421,0.17643064260482788,0.9375
340,0.07118978351354599,0.9708333611488342,0.1996869593858719,0.925000011920929
341,0.07574766129255295,0.9666666388511658,0.17713972926139832,0.9375
342,0.07476112246513367,0.9666666388511658,0.17863576114177704,0.9375
343,0.07565886527299881,0.9666666388511658,0.17450270056724548,0.925000011920929
344,0.07441727817058563,0.9708333611488342,0.17373225092887878,0.9375
345,0.07446729391813278,0.9666666388511658,0.17445731163024902,0.925000011920929
346,0.07506436854600906,0.9708333611488342,0.17258501052856445,0.925000011920929
347,0.0724550187587738,0.9708333611488342,0.20676589012145996,0.9125000238418579
348,0.07367929816246033,0.9791666865348816,0.1793050318956375,0.9375
349,0.07324961572885513,0.9583333134651184,0.19418911635875702,0.925000011920929
350,0.07142775505781174,0.9666666388511658,0.17718733847141266,0.925000011920929
351,0.07441403716802597,0.9624999761581421,0.17906203866004944,0.925000011920929
352,0.07522758841514587,0.9708333611488342,0.18003244698047638,0.9375
353,0.0735413134098053,0.9666666388511658,0.18444272875785828,0.9375
354,0.07340940088033676,0.9750000238418579,0.17620784044265747,0.9375
355,0.07407486438751221,0.9666666388511658,0.19139833748340607,0.925000011920929
356,0.07487896829843521,0.9624999761581421,0.18332459032535553,0.9375
357,0.0741678923368454,0.9583333134651184,0.1825382560491562,0.9375
358,0.07316289842128754,0.9666666388511658,0.19580276310443878,0.9125000238418579
359,0.07454773038625717,0.9708333611488342,0.19626645743846893,0.9125000238418579
360,0.07406999915838242,0.9666666388511658,0.19504885375499725,0.925000011920929
361,0.07162179797887802,0.9666666388511658,0.1661681830883026,0.9375
362,0.07534367591142654,0.9666666388511658,0.18196628987789154,0.9375
363,0.0730283185839653,0.9750000238418579,0.1999383270740509,0.9125000238418579
364,0.07486757636070251,0.9541666507720947,0.1796770691871643,0.9375
365,0.0716710090637207,0.9708333611488342,0.18070237338542938,0.9375
366,0.0736546441912651,0.9624999761581421,0.19554178416728973,0.9125000238418579
367,0.07495705783367157,0.9624999761581421,0.18510237336158752,0.9375
368,0.073440782725811,0.9708333611488342,0.19124558568000793,0.9375
369,0.0743577778339386,0.9666666388511658,0.1873924732208252,0.9375
370,0.07433933764696121,0.9624999761581421,0.17865362763404846,0.9375
371,0.0735662654042244,0.9624999761581421,0.18527783453464508,0.9375
372,0.07408445328474045,0.9624999761581421,0.18004705011844635,0.9375
373,0.07159455120563507,0.9708333611488342,0.19115516543388367,0.925000011920929
374,0.07195334881544113,0.9666666388511658,0.17088034749031067,0.9375
375,0.0712207555770874,0.9708333611488342,0.20043230056762695,0.9125000238418579
376,0.0724511668086052,0.9708333611488342,0.17730922996997833,0.9375
377,0.07283315807580948,0.9666666388511658,0.174822136759758,0.9375
378,0.07276748865842819,0.9583333134651184,0.17639759182929993,0.9375
379,0.07376668602228165,0.9666666388511658,0.17671988904476166,0.9375
380,0.07373189181089401,0.9624999761581421,0.17572681605815887,0.9375
381,0.07178723067045212,0.9708333611488342,0.1979033499956131,0.9125000238418579
382,0.07222802937030792,0.9624999761581421,0.19769927859306335,0.925000011920929
383,0.07235515117645264,0.9624999761581421,0.17973560094833374,0.9375
384,0.07408253103494644,0.9624999761581421,0.18423236906528473,0.9375
385,0.0707906037569046,0.9708333611488342,0.19647271931171417,0.925000011920929
386,0.07329271733760834,0.9624999761581421,0.1963229775428772,0.925000011920929
387,0.07194216549396515,0.9624999761581421,0.1929217129945755,0.925000011920929
388,0.07300005108118057,0.9666666388511658,0.18099287152290344,0.9375
389,0.07188866287469864,0.9708333611488342,0.17020735144615173,0.9375
390,0.07389339059591293,0.9624999761581421,0.18261314928531647,0.9375
391,0.07278068363666534,0.9666666388511658,0.1948181539773941,0.925000011920929
392,0.0729227140545845,0.9583333134651184,0.18774457275867462,0.9375
393,0.07286068797111511,0.9624999761581421,0.18276762962341309,0.9375
394,0.07260346412658691,0.9666666388511658,0.1874481737613678,0.9375
395,0.07062480598688126,0.9708333611488342,0.16976101696491241,0.9375
396,0.07065887004137039,0.9750000238418579,0.1861797720193863,0.925000011920929
397,0.07077478617429733,0.9666666388511658,0.20490264892578125,0.925000011920929
398,0.07261444628238678,0.9624999761581421,0.18819774687290192,0.9375
399,0.07193398475646973,0.9666666388511658,0.18171638250350952,0.9375
400,0.07175946980714798,0.9708333611488342,0.17454248666763306,0.9375
401,0.0711992010474205,0.9708333611488342,0.18057836592197418,0.9375
402,0.06957771629095078,0.9666666388511658,0.17258234322071075,0.9375
403,0.07199553400278091,0.9624999761581421,0.17128509283065796,0.9375
404,0.07273209095001221,0.9666666388511658,0.19228316843509674,0.925000011920929
405,0.07099106907844543,0.9708333611488342,0.2085188329219818,0.925000011920929
406,0.07081769406795502,0.9708333611488342,0.21017594635486603,0.9125000238418579
407,0.07258478552103043,0.9666666388511658,0.19185063242912292,0.9375
408,0.07286270707845688,0.9583333134651184,0.18867376446723938,0.9375
409,0.07202783972024918,0.9666666388511658,0.19021281599998474,0.9375
410,0.07197398692369461,0.9624999761581421,0.18549838662147522,0.9375
411,0.0702235996723175,0.9624999761581421,0.1827651411294937,0.9375
412,0.0720239132642746,0.9750000238418579,0.19277766346931458,0.925000011920929
413,0.07200922071933746,0.9666666388511658,0.1849488466978073,0.9375
414,0.07044344395399094,0.9666666388511658,0.18175067007541656,0.9375
415,0.06872773915529251,0.9624999761581421,0.20205016434192657,0.925000011920929
416,0.07171180099248886,0.9624999761581421,0.1823841631412506,0.9375
417,0.07155295461416245,0.9624999761581421,0.18651768565177917,0.9375
418,0.07185041904449463,0.9624999761581421,0.19681677222251892,0.925000011920929
419,0.07057540863752365,0.9583333134651184,0.17692846059799194,0.9375
420,0.06969519704580307,0.9750000238418579,0.1671297252178192,0.949999988079071
421,0.07126128673553467,0.9708333611488342,0.19696396589279175,0.925000011920929
422,0.07163821905851364,0.9583333134651184,0.19939276576042175,0.925000011920929
423,0.07031672447919846,0.9624999761581421,0.2067752629518509,0.9125000238418579
424,0.07049263268709183,0.9750000238418579,0.18870286643505096,0.925000011920929
425,0.0681828185915947,0.9666666388511658,0.22113052010536194,0.9125000238418579
426,0.07138626277446747,0.9708333611488342,0.1870913803577423,0.9375
427,0.07092871516942978,0.9624999761581421,0.18800762295722961,0.9375
428,0.0697900578379631,0.9624999761581421,0.18247118592262268,0.9375
429,0.07093093544244766,0.9708333611488342,0.1867244988679886,0.925000011920929
430,0.07056805491447449,0.9666666388511658,0.17201146483421326,0.9375
431,0.07123289257287979,0.9583333134651184,0.18144991993904114,0.9375
432,0.07108680158853531,0.9750000238418579,0.1801328808069229,0.9375
433,0.06892384588718414,0.9708333611488342,0.1992301344871521,0.925000011920929
434,0.07033346593379974,0.9624999761581421,0.17300549149513245,0.9375
435,0.07063321024179459,0.9708333611488342,0.18572954833507538,0.9375
436,0.07082828879356384,0.9708333611488342,0.18690046668052673,0.925000011920929
437,0.06989941000938416,0.9708333611488342,0.17976245284080505,0.9375
438,0.06873501092195511,0.9708333611488342,0.18622002005577087,0.925000011920929
439,0.06902243196964264,0.9791666865348816,0.20103669166564941,0.925000011920929
440,0.07090248167514801,0.9624999761581421,0.1995541900396347,0.925000011920929
441,0.07056394219398499,0.9624999761581421,0.1836387664079666,0.9375
442,0.06918331980705261,0.9624999761581421,0.17922808229923248,0.9375
443,0.06930433213710785,0.9666666388511658,0.17060214281082153,0.9375
444,0.07161101698875427,0.9708333611488342,0.18715551495552063,0.925000011920929
445,0.06815999001264572,0.9708333611488342,0.17767062783241272,0.9375
446,0.06901410222053528,0.9750000238418579,0.18023905158042908,0.9375
447,0.07008706033229828,0.9624999761581421,0.17693139612674713,0.9375
448,0.07092095166444778,0.9708333611488342,0.18256428837776184,0.9375
449,0.06988909095525742,0.9750000238418579,0.18740114569664001,0.9375
450,0.07003141939640045,0.9666666388511658,0.17573577165603638,0.9375
451,0.07043133676052094,0.9666666388511658,0.18205976486206055,0.9375
452,0.07079813629388809,0.9666666388511658,0.1874503791332245,0.9375
453,0.06997951865196228,0.9583333134651184,0.18966028094291687,0.9375
454,0.06993721425533295,0.9708333611488342,0.19099316000938416,0.925000011920929
455,0.06839370727539062,0.9666666388511658,0.2074008733034134,0.9125000238418579
456,0.07111772894859314,0.9666666388511658,0.19021615386009216,0.925000011920929
457,0.06991855800151825,0.9666666388511658,0.17668059468269348,0.9375
458,0.0668635293841362,0.9708333611488342,0.20694641768932343,0.925000011920929
459,0.06815950572490692,0.9750000238418579,0.1939980685710907,0.925000011920929
460,0.066986583173275,0.9666666388511658,0.22011613845825195,0.9125000238418579
461,0.0704222247004509,0.9666666388511658,0.1939469575881958,0.925000011920929
462,0.06689200550317764,0.9666666388511658,0.17800486087799072,0.9375
463,0.06539890915155411,0.9791666865348816,0.20768806338310242,0.925000011920929
464,0.06885101646184921,0.9541666507720947,0.18030306696891785,0.9375
465,0.07022675126791,0.9583333134651184,0.18050852417945862,0.9375
466,0.06998841464519501,0.9624999761581421,0.1784810721874237,0.9375
467,0.06992660462856293,0.9708333611488342,0.17774559557437897,0.9375
468,0.0698535293340683,0.9666666388511658,0.1876296103000641,0.925000011920929
469,0.06878069043159485,0.9666666388511658,0.19861626625061035,0.925000011920929
470,0.06891186535358429,0.9666666388511658,0.17757388949394226,0.9375
471,0.06614476442337036,0.9666666388511658,0.21215681731700897,0.9125000238418579
472,0.07092233002185822,0.9708333611488342,0.19540627300739288,0.925000011920929
473,0.06913276016712189,0.9583333134651184,0.18150712549686432,0.925000011920929
474,0.06910064816474915,0.9666666388511658,0.17334534227848053,0.9375
475,0.07016139477491379,0.9583333134651184,0.17698436975479126,0.9375
476,0.06887438148260117,0.9666666388511658,0.18182936310768127,0.9375
477,0.06880960613489151,0.9708333611488342,0.1928756833076477,0.925000011920929
478,0.06884633749723434,0.9666666388511658,0.17823679745197296,0.9375
479,0.06927311420440674,0.9708333611488342,0.19680312275886536,0.925000011920929
480,0.06969061493873596,0.9666666388511658,0.18599505722522736,0.9375
481,0.06724320352077484,0.9583333134651184,0.18265032768249512,0.925000011920929
482,0.06774859130382538,0.9708333611488342,0.17095810174942017,0.9375
483,0.06985456496477127,0.9708333611488342,0.1950533539056778,0.925000011920929
484,0.0679309070110321,0.9583333134651184,0.17417259514331818,0.9375
485,0.07012905925512314,0.9583333134651184,0.18389873206615448,0.925000011920929
486,0.06832032650709152,0.9666666388511658,0.17838607728481293,0.9375
487,0.06882144510746002,0.9708333611488342,0.18390128016471863,0.9375
488,0.06562468409538269,0.9624999761581421,0.17410019040107727,0.9375
489,0.069342240691185,0.9666666388511658,0.19773055613040924,0.925000011920929
490,0.06656961888074875,0.9708333611488342,0.21482188999652863,0.9125000238418579
491,0.07062764465808868,0.9666666388511658,0.1857660710811615,0.9375
492,0.06705670803785324,0.9666666388511658,0.18978500366210938,0.925000011920929
493,0.06949005275964737,0.9666666388511658,0.1909467875957489,0.925000011920929
494,0.06882359087467194,0.9708333611488342,0.19082356989383698,0.9375
495,0.06883653253316879,0.9624999761581421,0.1795823872089386,0.9375
496,0.06818364560604095,0.9666666388511658,0.18082620203495026,0.9375
497,0.06899072229862213,0.9624999761581421,0.18876516819000244,0.9375
498,0.06757845729589462,0.9624999761581421,0.17488500475883484,0.9375
499,0.06796741485595703,0.9708333611488342,0.19205406308174133,0.925000011920929
500,0.06816628575325012,0.9708333611488342,0.19636718928813934,0.925000011920929
501,0.06851072609424591,0.9624999761581421,0.18209141492843628,0.9375
502,0.067696712911129,0.9708333611488342,0.20505639910697937,0.925000011920929
503,0.0693579688668251,0.9624999761581421,0.18497781455516815,0.9375
504,0.06914075464010239,0.9666666388511658,0.19020476937294006,0.9375
505,0.0670022964477539,0.9666666388511658,0.17122885584831238,0.9375
506,0.0693146213889122,0.9708333611488342,0.19278621673583984,0.925000011920929
507,0.06873610615730286,0.9624999761581421,0.1940196454524994,0.925000011920929
508,0.06816183030605316,0.9624999761581421,0.1880430281162262,0.925000011920929
509,0.06835369765758514,0.9666666388511658,0.19052785634994507,0.925000011920929
510,0.06895086914300919,0.9624999761581421,0.19504399597644806,0.925000011920929
511,0.06676604598760605,0.9708333611488342,0.2054881751537323,0.925000011920929
512,0.06740391999483109,0.9750000238418579,0.1981562077999115,0.925000011920929
513,0.06622873246669769,0.9750000238418579,0.21386735141277313,0.925000011920929
514,0.06604735553264618,0.9708333611488342,0.20563904941082,0.925000011920929
515,0.06992592662572861,0.9624999761581421,0.18740716576576233,0.9375
516,0.0652792677283287,0.9666666388511658,0.19791948795318604,0.925000011920929
517,0.06723260879516602,0.9708333611488342,0.17572149634361267,0.9375
518,0.06797589361667633,0.9666666388511658,0.16940586268901825,0.9375
519,0.06908667832612991,0.9708333611488342,0.18539021909236908,0.9375
520,0.06773354858160019,0.9583333134651184,0.19325360655784607,0.925000011920929
521,0.06860972940921783,0.9666666388511658,0.18413743376731873,0.9375
522,0.06762555986642838,0.9624999761581421,0.20256419479846954,0.925000011920929
523,0.06859474629163742,0.9583333134651184,0.18968822062015533,0.925000011920929
524,0.06802394241094589,0.9708333611488342,0.198390930891037,0.925000011920929
525,0.06686217337846756,0.9666666388511658,0.16933810710906982,0.949999988079071
526,0.0687272846698761,0.9666666388511658,0.17443786561489105,0.9375
527,0.06734519451856613,0.9750000238418579,0.1992596685886383,0.925000011920929
528,0.06744261831045151,0.9708333611488342,0.18645399808883667,0.925000011920929
529,0.06878257542848587,0.9624999761581421,0.18829117715358734,0.9375
530,0.06526769697666168,0.9666666388511658,0.20633193850517273,0.925000011920929
531,0.0662522166967392,0.9750000238418579,0.18507777154445648,0.9375
532,0.0664827823638916,0.9708333611488342,0.18118639290332794,0.9375
533,0.0636257454752922,0.9750000238418579,0.21844983100891113,0.9125000238418579
534,0.06918568909168243,0.9708333611488342,0.18550322949886322,0.9375
535,0.06845699995756149,0.9624999761581421,0.2008117437362671,0.925000011920929
536,0.06622035801410675,0.9624999761581421,0.17393112182617188,0.9375
537,0.06889896094799042,0.9624999761581421,0.17937932908535004,0.9375
538,0.06763465702533722,0.9624999761581421,0.1865430772304535,0.925000011920929
539,0.06657178699970245,0.9708333611488342,0.18197499215602875,0.9375
540,0.06779006868600845,0.9583333134651184,0.18612612783908844,0.925000011920929
541,0.06720244139432907,0.9708333611488342,0.19411158561706543,0.925000011920929
542,0.06108202412724495,0.9708333611488342,0.1710105538368225,0.949999988079071
543,0.06740240007638931,0.9708333611488342,0.1878414899110794,0.925000011920929
544,0.06501976400613785,0.9708333611488342,0.21984612941741943,0.925000011920929
545,0.0681912899017334,0.9708333611488342,0.17944923043251038,0.9375
546,0.06765877455472946,0.9666666388511658,0.18980672955513,0.9375
547,0.06725813448429108,0.9624999761581421,0.1886903941631317,0.925000011920929
548,0.06513233482837677,0.9666666388511658,0.17009088397026062,0.949999988079071
549,0.0680372416973114,0.9750000238418579,0.19483938813209534,0.925000011920929
550,0.06826580315828323,0.9666666388511658,0.1906757354736328,0.925000011920929
551,0.0672421008348465,0.9750000238418579,0.19734348356723785,0.925000011920929
552,0.06614872813224792,0.9666666388511658,0.17629946768283844,0.9375
553,0.06275620311498642,0.9750000238418579,0.22285810112953186,0.925000011920929
554,0.06938539445400238,0.9624999761581421,0.19436946511268616,0.925000011920929
555,0.06717173755168915,0.9708333611488342,0.19057831168174744,0.925000011920929
556,0.06712307780981064,0.9624999761581421,0.19267158210277557,0.925000011920929
557,0.06783292442560196,0.9666666388511658,0.1984151154756546,0.925000011920929
558,0.06778568774461746,0.9624999761581421,0.19581200182437897,0.925000011920929
559,0.06734432280063629,0.9666666388511658,0.1960255354642868,0.925000011920929
560,0.06521610170602798,0.9791666865348816,0.20003361999988556,0.925000011920929
561,0.06820906698703766,0.9666666388511658,0.19795985519886017,0.925000011920929
562,0.06708313524723053,0.9666666388511658,0.19378243386745453,0.9375
563,0.06717254966497421,0.9708333611488342,0.18094933032989502,0.9375
564,0.06764331459999084,0.9708333611488342,0.1791900396347046,0.9375
565,0.06712152063846588,0.9624999761581421,0.19031408429145813,0.9375
566,0.06680071353912354,0.9666666388511658,0.18755148351192474,0.925000011920929
567,0.06660537421703339,0.9624999761581421,0.20713627338409424,0.925000011920929
568,0.0674300491809845,0.9708333611488342,0.21331080794334412,0.925000011920929
569,0.06752987951040268,0.9708333611488342,0.20585863292217255,0.925000011920929
570,0.06459540873765945,0.9750000238418579,0.19428712129592896,0.9375
571,0.06755204498767853,0.9666666388511658,0.20062458515167236,0.925000011920929
572,0.0665428414940834,0.9624999761581421,0.19781911373138428,0.925000011920929
573,0.06571444123983383,0.9708333611488342,0.18538029491901398,0.925000011920929
574,0.06586595624685287,0.9708333611488342,0.20630426704883575,0.925000011920929
575,0.06797762960195541,0.9666666388511658,0.19604849815368652,0.925000011920929
576,0.06570249050855637,0.9708333611488342,0.19168609380722046,0.9375
577,0.06672505289316177,0.9750000238418579,0.19880834221839905,0.925000011920929
578,0.0674026757478714,0.9708333611488342,0.20156359672546387,0.925000011920929
579,0.06750968098640442,0.9666666388511658,0.19127297401428223,0.925000011920929
580,0.06653017550706863,0.9666666388511658,0.20845627784729004,0.925000011920929
581,0.06777477264404297,0.9666666388511658,0.20070965588092804,0.925000011920929
582,0.06610537320375443,0.9708333611488342,0.199467733502388,0.925000011920929
583,0.0651419535279274,0.9666666388511658,0.1885037124156952,0.9375
584,0.0655805841088295,0.9666666388511658,0.17781716585159302,0.9375
585,0.06415022909641266,0.9750000238418579,0.2133561670780182,0.925000011920929
586,0.06537146866321564,0.9666666388511658,0.22953355312347412,0.9125000238418579
587,0.06874646991491318,0.9666666388511658,0.19069582223892212,0.925000011920929
588,0.0669206753373146,0.9666666388511658,0.19093069434165955,0.925000011920929
589,0.06553861498832703,0.9624999761581421,0.18080930411815643,0.9375
590,0.0677935853600502,0.9666666388511658,0.19594834744930267,0.925000011920929
591,0.06358867138624191,0.9750000238418579,0.21438534557819366,0.925000011920929
592,0.06671469658613205,0.9624999761581421,0.19119802117347717,0.925000011920929
593,0.06546344608068466,0.9708333611488342,0.19002848863601685,0.925000011920929
594,0.06458617746829987,0.9708333611488342,0.17803747951984406,0.9375
595,0.06604176759719849,0.9708333611488342,0.2024516612291336,0.925000011920929
596,0.06420205533504486,0.9750000238418579,0.18411466479301453,0.9375
597,0.06456906348466873,0.9750000238418579,0.2136208713054657,0.925000011920929
598,0.06717251241207123,0.9708333611488342,0.19078126549720764,0.9375
599,0.06474915891885757,0.9708333611488342,0.1851288080215454,0.9375
600,0.06596454232931137,0.9666666388511658,0.20327720046043396,0.925000011920929
601,0.065395288169384,0.9708333611488342,0.18340840935707092,0.9375
602,0.06692682206630707,0.9666666388511658,0.18895283341407776,0.9375
603,0.06705010682344437,0.9624999761581421,0.1914018988609314,0.9375
604,0.06583709269762039,0.9624999761581421,0.19631679356098175,0.925000011920929
605,0.06692870706319809,0.9750000238418579,0.19599288702011108,0.925000011920929
606,0.06619895249605179,0.9708333611488342,0.180232435464859,0.9375
607,0.06716971099376678,0.9624999761581421,0.18501003086566925,0.9375
608,0.06628091633319855,0.9708333611488342,0.18699964880943298,0.925000011920929
609,0.06582902371883392,0.9666666388511658,0.2068287581205368,0.925000011920929
610,0.06516819447278976,0.9750000238418579,0.21551457047462463,0.925000011920929
611,0.0663582906126976,0.9666666388511658,0.198148712515831,0.925000011920929
612,0.06498480588197708,0.9750000238418579,0.2033221423625946,0.925000011920929
613,0.06657738983631134,0.9708333611488342,0.19145074486732483,0.925000011920929
614,0.06546659767627716,0.9666666388511658,0.198259174823761,0.925000011920929
615,0.06425260007381439,0.9708333611488342,0.17839674651622772,0.9375
616,0.06657232344150543,0.9666666388511658,0.19322340190410614,0.9375
617,0.06497633457183838,0.9708333611488342,0.17714163661003113,0.9375
618,0.0656861662864685,0.9750000238418579,0.19652637839317322,0.925000011920929
619,0.06387468427419662,0.9708333611488342,0.20540502667427063,0.925000011920929
620,0.06671560555696487,0.9750000238418579,0.19291017949581146,0.925000011920929
621,0.06563102453947067,0.9750000238418579,0.18115362524986267,0.9375
622,0.06565416604280472,0.9624999761581421,0.20444563031196594,0.925000011920929
623,0.06565312296152115,0.9708333611488342,0.2108485996723175,0.925000011920929
624,0.0663730576634407,0.9708333611488342,0.18696379661560059,0.9375
625,0.06518594920635223,0.9708333611488342,0.20096394419670105,0.925000011920929
626,0.06479178369045258,0.9708333611488342,0.18525373935699463,0.9375
627,0.06317786127328873,0.9750000238418579,0.2050141543149948,0.925000011920929
628,0.06614916771650314,0.9708333611488342,0.1913965493440628,0.925000011920929
629,0.06454124301671982,0.9708333611488342,0.18483866751194,0.9375
630,0.06508348882198334,0.9708333611488342,0.19296488165855408,0.925000011920929
631,0.06478694081306458,0.9708333611488342,0.19388195872306824,0.9375
632,0.06554281711578369,0.9666666388511658,0.2095274031162262,0.925000011920929
633,0.06478282809257507,0.9791666865348816,0.20560404658317566,0.925000011920929
634,0.06344671547412872,0.9708333611488342,0.18758156895637512,0.9375
635,0.06465253978967667,0.9666666388511658,0.1939256638288498,0.925000011920929
636,0.06245307996869087,0.9708333611488342,0.22392937541007996,0.925000011920929
637,0.06559643149375916,0.9666666388511658,0.222439244389534,0.925000011920929
638,0.06642316281795502,0.9708333611488342,0.19036121666431427,0.925000011920929
639,0.0649089515209198,0.9666666388511658,0.181852787733078,0.9375
640,0.06514313817024231,0.9666666388511658,0.2081337720155716,0.925000011920929
641,0.06387817114591599,0.9750000238418579,0.19488082826137543,0.925000011920929
642,0.061556898057460785,0.9791666865348816,0.2179793119430542,0.9125000238418579
643,0.06585238873958588,0.9624999761581421,0.1922840178012848,0.9375
644,0.06396906077861786,0.9708333611488342,0.18959955871105194,0.9375
645,0.06325134634971619,0.9750000238418579,0.17648059129714966,0.949999988079071
646,0.06488456577062607,0.9750000238418579,0.20509114861488342,0.925000011920929
647,0.06405255943536758,0.9708333611488342,0.21385188400745392,0.925000011920929
648,0.06539434939622879,0.9624999761581421,0.19444063305854797,0.925000011920929
649,0.06439904123544693,0.9750000238418579,0.21142616868019104,0.925000011920929
650,0.06275378167629242,0.9750000238418579,0.18081800639629364,0.9375
651,0.0648626908659935,0.9708333611488342,0.19510683417320251,0.925000011920929
652,0.06447409093379974,0.9708333611488342,0.1981312334537506,0.925000011920929
653,0.06380067765712738,0.9708333611488342,0.19191615283489227,0.925000011920929
654,0.06487803906202316,0.9666666388511658,0.19406287372112274,0.9375
655,0.06460469216108322,0.9708333611488342,0.2026907205581665,0.925000011920929
656,0.06538787484169006,0.9666666388511658,0.1872244030237198,0.925000011920929
657,0.06486345082521439,0.9750000238418579,0.1886977255344391,0.9375
658,0.0628172978758812,0.9708333611488342,0.21871498227119446,0.925000011920929
659,0.06516680866479874,0.9666666388511658,0.21318228542804718,0.925000011920929
660,0.06524057686328888,0.9708333611488342,0.19779500365257263,0.925000011920929
661,0.06298051029443741,0.9833333492279053,0.195063516497612,0.925000011920929
662,0.06506068259477615,0.9666666388511658,0.19624826312065125,0.925000011920929
663,0.06379666924476624,0.9750000238418579,0.1904354989528656,0.925000011920929
664,0.06380994617938995,0.9750000238418579,0.20276980102062225,0.925000011920929
665,0.06470325589179993,0.9750000238418579,0.19971230626106262,0.925000011920929
666,0.06399545818567276,0.9708333611488342,0.186809241771698,0.9375
667,0.06305313855409622,0.9708333611488342,0.20487193763256073,0.925000011920929
668,0.06519165635108948,0.9708333611488342,0.20349939167499542,0.925000011920929
669,0.06328826397657394,0.9708333611488342,0.18384794890880585,0.9375
670,0.06542561203241348,0.9624999761581421,0.19177387654781342,0.925000011920929
671,0.06430207937955856,0.9750000238418579,0.20029234886169434,0.925000011920929
672,0.06489436328411102,0.9624999761581421,0.18584594130516052,0.9375
673,0.06502676755189896,0.9624999761581421,0.1889062523841858,0.925000011920929
674,0.0637950673699379,0.9708333611488342,0.18677400052547455,0.925000011920929
675,0.0631793737411499,0.9708333611488342,0.19513462483882904,0.9375
676,0.06213042885065079,0.9750000238418579,0.18876829743385315,0.925000011920929
677,0.0629594475030899,0.9708333611488342,0.21996550261974335,0.925000011920929
678,0.06541183590888977,0.9666666388511658,0.20326697826385498,0.925000011920929
679,0.06521344929933548,0.9666666388511658,0.19973382353782654,0.925000011920929
680,0.06379680335521698,0.9666666388511658,0.20897603034973145,0.925000011920929
681,0.06295213848352432,0.9666666388511658,0.22632893919944763,0.925000011920929
682,0.06482309848070145,0.9666666388511658,0.19242921471595764,0.925000011920929
683,0.06287799775600433,0.9791666865348816,0.19683150947093964,0.9375
684,0.06330712884664536,0.9708333611488342,0.21294791996479034,0.925000011920929
685,0.06346442550420761,0.9750000238418579,0.17709262669086456,0.9375
686,0.06476115435361862,0.9666666388511658,0.20413705706596375,0.925000011920929
687,0.06425412744283676,0.9666666388511658,0.18810869753360748,0.9375
688,0.06382054835557938,0.9708333611488342,0.19254077970981598,0.925000011920929
689,0.06224833056330681,0.9708333611488342,0.20356349647045135,0.925000011920929
690,0.06434615701436996,0.9750000238418579,0.20109064877033234,0.925000011920929
691,0.06126471236348152,0.9791666865348816,0.19083118438720703,0.925000011920929
692,0.06312866508960724,0.9750000238418579,0.19665423035621643,0.925000011920929
693,0.0634574145078659,0.9708333611488342,0.20420818030834198,0.925000011920929
694,0.0647139772772789,0.9666666388511658,0.19697144627571106,0.925000011920929
695,0.06210484728217125,0.9708333611488342,0.21733136475086212,0.925000011920929
696,0.06310950964689255,0.9666666388511658,0.18724630773067474,0.9375
697,0.06371983885765076,0.9624999761581421,0.21034708619117737,0.925000011920929
698,0.06141091510653496,0.9750000238418579,0.18592047691345215,0.9375
699,0.061257313936948776,0.9750000238418579,0.1851818710565567,0.9375
700,0.06163199245929718,0.9708333611488342,0.22610315680503845,0.925000011920929
701,0.06450361758470535,0.9708333611488342,0.2046731412410736,0.925000011920929
702,0.06371641904115677,0.9666666388511658,0.1896876096725464,0.925000011920929
703,0.06393860280513763,0.9708333611488342,0.18546313047409058,0.9375
704,0.06232307851314545,0.9708333611488342,0.20482921600341797,0.925000011920929
705,0.06333621591329575,0.9708333611488342,0.20536395907402039,0.925000011920929
706,0.06152840703725815,0.9750000238418579,0.17874042689800262,0.9375
707,0.06472955644130707,0.9750000238418579,0.19285418093204498,0.925000011920929
708,0.06265322118997574,0.9750000238418579,0.21460704505443573,0.925000011920929
709,0.06469378620386124,0.9708333611488342,0.1934170424938202,0.925000011920929
710,0.06397929042577744,0.9708333611488342,0.18766716122627258,0.925000011920929
711,0.06336040049791336,0.9708333611488342,0.21002328395843506,0.925000011920929
712,0.059074562042951584,0.9750000238418579,0.23618349432945251,0.925000011920929
713,0.06454413384199142,0.9708333611488342,0.19592852890491486,0.925000011920929
714,0.06348375976085663,0.9708333611488342,0.20011678338050842,0.925000011920929
715,0.06328205019235611,0.9708333611488342,0.19113467633724213,0.925000011920929
716,0.06327063590288162,0.9791666865348816,0.1944214105606079,0.925000011920929
717,0.062478069216012955,0.9791666865348816,0.2081812620162964,0.925000011920929
718,0.0627153292298317,0.9624999761581421,0.19300375878810883,0.925000011920929
719,0.06186286360025406,0.9708333611488342,0.18490758538246155,0.925000011920929
720,0.06419902294874191,0.9708333611488342,0.18482300639152527,0.925000011920929
721,0.06207672134041786,0.9791666865348816,0.18099406361579895,0.9375
722,0.0641772449016571,0.9666666388511658,0.1940155178308487,0.925000011920929
723,0.06350711733102798,0.9708333611488342,0.19006957113742828,0.925000011920929
724,0.06376437842845917,0.9624999761581421,0.2009037733078003,0.925000011920929
725,0.061634816229343414,0.9708333611488342,0.17723146080970764,0.949999988079071
726,0.06392592936754227,0.9708333611488342,0.18790671229362488,0.9375
727,0.06276904791593552,0.9708333611488342,0.21057835221290588,0.925000011920929
728,0.06367236375808716,0.9666666388511658,0.18935424089431763,0.925000011920929
729,0.06294010579586029,0.9708333611488342,0.19266295433044434,0.925000011920929
730,0.06202104315161705,0.9750000238418579,0.21208827197551727,0.925000011920929
731,0.06254205107688904,0.9750000238418579,0.19621990621089935,0.925000011920929
732,0.06379677355289459,0.9708333611488342,0.1865490972995758,0.925000011920929
733,0.0627034530043602,0.9666666388511658,0.1867382675409317,0.925000011920929
734,0.06319532543420792,0.9708333611488342,0.19905361533164978,0.925000011920929
735,0.06302667409181595,0.9708333611488342,0.19315248727798462,0.925000011920929
736,0.06268429756164551,0.9750000238418579,0.1878643035888672,0.925000011920929
737,0.06365595012903214,0.9708333611488342,0.19769209623336792,0.925000011920929
738,0.06170372664928436,0.9708333611488342,0.22529859840869904,0.925000011920929
739,0.06311345845460892,0.9750000238418579,0.1885843425989151,0.925000011920929
740,0.062790647149086,0.9750000238418579,0.20710667967796326,0.925000011920929
741,0.05993763729929924,0.9750000238418579,0.2052900791168213,0.925000011920929
742,0.06374046206474304,0.9666666388511658,0.1834273487329483,0.9375
743,0.06376399099826813,0.9750000238418579,0.18982088565826416,0.925000011920929
744,0.05863596126437187,0.9708333611488342,0.23409609496593475,0.925000011920929
745,0.06504163146018982,0.9708333611488342,0.19975103437900543,0.925000011920929
746,0.0630914643406868,0.9708333611488342,0.19716079533100128,0.925000011920929
747,0.06334216147661209,0.9708333611488342,0.1884450614452362,0.925000011920929
748,0.061303842812776566,0.9791666865348816,0.21680140495300293,0.925000011920929
749,0.062480952590703964,0.9708333611488342,0.19005748629570007,0.925000011920929
750,0.06297293305397034,0.9791666865348816,0.19385845959186554,0.925000011920929
751,0.061750058084726334,0.9750000238418579,0.18219046294689178,0.925000011920929
752,0.06272970139980316,0.9750000238418579,0.19233551621437073,0.925000011920929
753,0.06049289181828499,0.9708333611488342,0.18375828862190247,0.9375
754,0.0625242069363594,0.9708333611488342,0.1950412094593048,0.925000011920929
755,0.06285401433706284,0.9708333611488342,0.20184326171875,0.925000011920929
756,0.06108633801341057,0.9708333611488342,0.2272217720746994,0.925000011920929
757,0.062343280762434006,0.9666666388511658,0.19075055420398712,0.925000011920929
758,0.06090913712978363,0.9750000238418579,0.22642484307289124,0.925000011920929
759,0.0598413310945034,0.9791666865348816,0.19786204397678375,0.9375
760,0.06365107744932175,0.9708333611488342,0.19555148482322693,0.9375
761,0.06399653106927872,0.9666666388511658,0.1962621510028839,0.925000011920929
762,0.06298557668924332,0.9708333611488342,0.2029305398464203,0.925000011920929
763,0.06231961026787758,0.9791666865348816,0.21185991168022156,0.925000011920929
764,0.06281159073114395,0.9750000238418579,0.20067866146564484,0.925000011920929
765,0.06326602399349213,0.9666666388511658,0.19788716733455658,0.925000011920929
766,0.0629354864358902,0.9708333611488342,0.19426493346691132,0.925000011920929
767,0.06120125949382782,0.9791666865348816,0.20096972584724426,0.925000011920929
768,0.06088970974087715,0.9666666388511658,0.18798242509365082,0.925000011920929
769,0.062126241624355316,0.9708333611488342,0.20898883044719696,0.925000011920929
770,0.06269954144954681,0.9666666388511658,0.2115304172039032,0.925000011920929
771,0.06120188534259796,0.9750000238418579,0.21485766768455505,0.925000011920929
772,0.06294366717338562,0.9750000238418579,0.18833208084106445,0.925000011920929
773,0.061041053384542465,0.9750000238418579,0.21464884281158447,0.925000011920929
774,0.06301753968000412,0.9666666388511658,0.2001744508743286,0.925000011920929
775,0.059682462364435196,0.9666666388511658,0.19872428476810455,0.925000011920929
776,0.061726491898298264,0.9750000238418579,0.2057492434978485,0.925000011920929
777,0.06020837277173996,0.9750000238418579,0.2236519604921341,0.925000011920929
778,0.06154673174023628,0.9791666865348816,0.19667395949363708,0.925000011920929
779,0.06066301092505455,0.9750000238418579,0.19881710410118103,0.925000011920929
780,0.0609707236289978,0.9750000238418579,0.18833127617835999,0.9375
781,0.06273680925369263,0.9666666388511658,0.19723482429981232,0.925000011920929
782,0.06164439767599106,0.9791666865348816,0.20798559486865997,0.925000011920929
783,0.06022157147526741,0.9708333611488342,0.1887122243642807,0.925000011920929
784,0.061542756855487823,0.9708333611488342,0.1883123815059662,0.9375
785,0.06292182952165604,0.9750000238418579,0.18866336345672607,0.9375
786,0.060015928000211716,0.9791666865348816,0.22099220752716064,0.925000011920929
787,0.06127454712986946,0.9708333611488342,0.19633886218070984,0.925000011920929
788,0.0613187737762928,0.9708333611488342,0.1937859207391739,0.925000011920929
789,0.0625605508685112,0.9708333611488342,0.19916932284832,0.925000011920929
790,0.061623454093933105,0.9750000238418579,0.1970767080783844,0.925000011920929
791,0.05944246053695679,0.9750000238418579,0.17935428023338318,0.949999988079071
792,0.06220334395766258,0.9750000238418579,0.19583293795585632,0.925000011920929
793,0.06153816729784012,0.9833333492279053,0.1996542066335678,0.925000011920929
794,0.06234532594680786,0.9708333611488342,0.1985100656747818,0.925000011920929
795,0.06267578154802322,0.9666666388511658,0.19291646778583527,0.925000011920929
796,0.0619719997048378,0.9750000238418579,0.2122010737657547,0.925000011920929
797,0.059190429747104645,0.9666666388511658,0.17985306680202484,0.949999988079071
798,0.06286673247814178,0.9666666388511658,0.18907460570335388,0.925000011920929
799,0.06119319051504135,0.9750000238418579,0.19472000002861023,0.925000011920929
800,0.06213372200727463,0.9708333611488342,0.19394108653068542,0.925000011920929
801,0.059842225164175034,0.9750000238418579,0.17841465771198273,0.949999988079071
802,0.060805242508649826,0.9708333611488342,0.21724247932434082,0.925000011920929
803,0.059692855924367905,0.9708333611488342,0.22678640484809875,0.925000011920929
804,0.06177138164639473,0.9750000238418579,0.19730573892593384,0.925000011920929
805,0.06102580204606056,0.9750000238418579,0.19159328937530518,0.925000011920929
806,0.06104545667767525,0.9708333611488342,0.18124692142009735,0.9375
807,0.060012560337781906,0.9750000238418579,0.17490915954113007,0.949999988079071
808,0.062212586402893066,0.9750000238418579,0.20600625872612,0.925000011920929
809,0.06201624870300293,0.9708333611488342,0.20599190890789032,0.925000011920929
810,0.06113230064511299,0.9833333492279053,0.20982103049755096,0.925000011920929
811,0.06066063791513443,0.9750000238418579,0.19132326543331146,0.925000011920929
812,0.06139031797647476,0.9750000238418579,0.19801662862300873,0.925000011920929
813,0.06222241371870041,0.9624999761581421,0.20694716274738312,0.925000011920929
814,0.06132778897881508,0.9708333611488342,0.2095624953508377,0.925000011920929
815,0.06137603148818016,0.9750000238418579,0.18161693215370178,0.9375
816,0.06255009025335312,0.9750000238418579,0.19171437621116638,0.925000011920929
817,0.062198515981435776,0.9708333611488342,0.19818568229675293,0.925000011920929
818,0.061331745237112045,0.9750000238418579,0.1888074278831482,0.925000011920929
819,0.061555005609989166,0.9750000238418579,0.19760113954544067,0.925000011920929
820,0.061618611216545105,0.9666666388511658,0.19956977665424347,0.925000011920929
821,0.061237942427396774,0.9750000238418579,0.1879977583885193,0.925000011920929
822,0.06118546053767204,0.9708333611488342,0.2059963196516037,0.925000011920929
823,0.06082724407315254,0.9750000238418579,0.18907271325588226,0.925000011920929
824,0.061395931988954544,0.9708333611488342,0.19787150621414185,0.925000011920929
825,0.06199292093515396,0.9708333611488342,0.1879587322473526,0.925000011920929
826,0.05903538689017296,0.9750000238418579,0.17659488320350647,0.949999988079071
827,0.06219833716750145,0.9708333611488342,0.18274599313735962,0.925000011920929
828,0.059774935245513916,0.9750000238418579,0.21085956692695618,0.925000011920929
829,0.06108740344643593,0.9708333611488342,0.19153577089309692,0.925000011920929
830,0.061721786856651306,0.9624999761581421,0.1989155262708664,0.925000011920929
831,0.06110613793134689,0.9750000238418579,0.18692944943904877,0.925000011920929
832,0.060597483068704605,0.9708333611488342,0.21172507107257843,0.925000011920929
833,0.06097257882356644,0.9708333611488342,0.2015450894832611,0.925000011920929
834,0.06242053583264351,0.9750000238418579,0.19653375446796417,0.925000011920929
835,0.061469145119190216,0.9708333611488342,0.20519915223121643,0.925000011920929
836,0.05959612503647804,0.9750000238418579,0.1842852681875229,0.9375
837,0.05987200886011124,0.9791666865348816,0.2182941436767578,0.925000011920929
838,0.06209919601678848,0.9750000238418579,0.21358554065227509,0.925000011920929
839,0.06157994270324707,0.9708333611488342,0.19886623322963715,0.925000011920929
840,0.06010974198579788,0.9791666865348816,0.18623466789722443,0.925000011920929
841,0.06120266392827034,0.9666666388511658,0.19058533012866974,0.925000011920929
842,0.060393668711185455,0.9750000238418579,0.21242451667785645,0.925000011920929
843,0.059685494750738144,0.9750000238418579,0.205675408244133,0.925000011920929
844,0.05945347249507904,0.9666666388511658,0.1811251938343048,0.925000011920929
845,0.061479680240154266,0.9708333611488342,0.19901840388774872,0.925000011920929
846,0.05938507243990898,0.9791666865348816,0.22374840080738068,0.925000011920929
847,0.06041625887155533,0.9750000238418579,0.22537139058113098,0.925000011920929
848,0.0616116002202034,0.9791666865348816,0.20909567177295685,0.925000011920929
849,0.061737630516290665,0.9708333611488342,0.20526595413684845,0.925000011920929
850,0.05985068529844284,0.9708333611488342,0.19774748384952545,0.925000011920929
851,0.06135101616382599,0.9708333611488342,0.2017591893672943,0.925000011920929
852,0.05960656702518463,0.9708333611488342,0.22423294186592102,0.925000011920929
853,0.06117967516183853,0.9750000238418579,0.19045668840408325,0.925000011920929
854,0.06055275723338127,0.9750000238418579,0.19033178687095642,0.925000011920929
855,0.05600225180387497,0.9791666865348816,0.23298630118370056,0.925000011920929
856,0.062067799270153046,0.9750000238418579,0.2001916915178299,0.925000011920929
857,0.06103713437914848,0.9750000238418579,0.2018277645111084,0.925000011920929
858,0.05762671306729317,0.9708333611488342,0.23671868443489075,0.925000011920929
859,0.06040765717625618,0.9791666865348816,0.2303401231765747,0.925000011920929
860,0.05869072303175926,0.9791666865348816,0.1893388032913208,0.925000011920929
861,0.05971968546509743,0.9750000238418579,0.18317526578903198,0.925000011920929
862,0.060239240527153015,0.9708333611488342,0.19639842212200165,0.925000011920929
863,0.06172823905944824,0.9666666388511658,0.1962139755487442,0.925000011920929
864,0.05850749462842941,0.9791666865348816,0.1930333971977234,0.9375
865,0.061348382383584976,0.9708333611488342,0.19352947175502777,0.925000011920929
866,0.05984991043806076,0.9708333611488342,0.21484756469726562,0.925000011920929
867,0.05845208838582039,0.9708333611488342,0.23625609278678894,0.925000011920929
868,0.06157168373465538,0.9708333611488342,0.19480004906654358,0.925000011920929
869,0.06094319373369217,0.9708333611488342,0.20350754261016846,0.925000011920929
870,0.06010890379548073,0.9708333611488342,0.19010189175605774,0.925000011920929
871,0.06037882715463638,0.9708333611488342,0.19423165917396545,0.925000011920929
872,0.06033853814005852,0.9750000238418579,0.20298676192760468,0.925000011920929
873,0.06010434776544571,0.9791666865348816,0.2042025327682495,0.925000011920929
874,0.05878768116235733,0.9833333492279053,0.19544768333435059,0.925000011920929
875,0.06019444018602371,0.9708333611488342,0.19229623675346375,0.925000011920929
876,0.057941682636737823,0.9791666865348816,0.1790742576122284,0.949999988079071
877,0.060880228877067566,0.9750000238418579,0.20190711319446564,0.925000011920929
878,0.06133992224931717,0.9750000238418579,0.199309304356575,0.925000011920929
879,0.05912409722805023,0.9750000238418579,0.20072999596595764,0.925000011920929
880,0.0608052983880043,0.9708333611488342,0.1977100372314453,0.925000011920929
881,0.05942859873175621,0.9833333492279053,0.20451152324676514,0.925000011920929
882,0.06084331125020981,0.9750000238418579,0.2121877372264862,0.925000011920929
883,0.06061284989118576,0.9708333611488342,0.19863510131835938,0.925000011920929
884,0.06024586036801338,0.9708333611488342,0.2190137803554535,0.925000011920929
885,0.05998092144727707,0.9791666865348816,0.2212527096271515,0.925000011920929
886,0.06146768108010292,0.9750000238418579,0.20069000124931335,0.925000011920929
887,0.060906726866960526,0.9750000238418579,0.19337493181228638,0.925000011920929
888,0.057787589728832245,0.9791666865348816,0.20148959755897522,0.925000011920929
889,0.06108783930540085,0.9708333611488342,0.20537658035755157,0.925000011920929
890,0.061125658452510834,0.9750000238418579,0.2072974145412445,0.925000011920929
891,0.060665249824523926,0.9708333611488342,0.19642318785190582,0.925000011920929
892,0.06007888540625572,0.9750000238418579,0.20817001163959503,0.925000011920929
893,0.06057506427168846,0.9791666865348816,0.19839759171009064,0.925000011920929
894,0.059559646993875504,0.9750000238418579,0.1889711320400238,0.925000011920929
895,0.05999622866511345,0.9750000238418579,0.18776939809322357,0.925000011920929
896,0.06038854271173477,0.9791666865348816,0.21095947921276093,0.925000011920929
897,0.059285733848810196,0.9708333611488342,0.20238861441612244,0.925000011920929
898,0.05785684660077095,0.9708333611488342,0.18287961184978485,0.949999988079071
899,0.060996897518634796,0.9708333611488342,0.21020659804344177,0.925000011920929
900,0.060646429657936096,0.9666666388511658,0.1987278312444687,0.925000011920929
901,0.06009957566857338,0.9708333611488342,0.19852395355701447,0.925000011920929
902,0.058272480964660645,0.9791666865348816,0.21820521354675293,0.925000011920929
903,0.05910203978419304,0.9750000238418579,0.2405002862215042,0.925000011920929
904,0.06060445308685303,0.9708333611488342,0.19289998710155487,0.925000011920929
905,0.05966074392199516,0.9708333611488342,0.20081965625286102,0.925000011920929
906,0.05911426618695259,0.9833333492279053,0.20607364177703857,0.925000011920929
907,0.05953390151262283,0.9833333492279053,0.1993120163679123,0.925000011920929
908,0.06056705489754677,0.9708333611488342,0.1936369389295578,0.925000011920929
909,0.059887517243623734,0.9750000238418579,0.19574324786663055,0.925000011920929
910,0.059693481773138046,0.9750000238418579,0.19940339028835297,0.925000011920929
911,0.06011521816253662,0.9750000238418579,0.2055218666791916,0.925000011920929
912,0.058166809380054474,0.9708333611488342,0.22433018684387207,0.925000011920929
913,0.0607946552336216,0.9750000238418579,0.2014210969209671,0.925000011920929
914,0.05990761145949364,0.9708333611488342,0.18664813041687012,0.925000011920929
915,0.06031331047415733,0.9750000238418579,0.20425713062286377,0.925000011920929
916,0.05417836457490921,0.987500011920929,0.2509739100933075,0.9125000238418579
917,0.06167987734079361,0.9666666388511658,0.19144323468208313,0.925000011920929
918,0.059431321918964386,0.9666666388511658,0.20943307876586914,0.925000011920929
919,0.05890011787414551,0.9791666865348816,0.1950361728668213,0.925000011920929
920,0.060814935714006424,0.9708333611488342,0.2008167952299118,0.925000011920929
921,0.05867608264088631,0.9708333611488342,0.1896740198135376,0.925000011920929
922,0.05926183611154556,0.9750000238418579,0.1849822998046875,0.9375
923,0.05923665314912796,0.9750000238418579,0.22011327743530273,0.925000011920929
924,0.060304515063762665,0.9750000238418579,0.21338777244091034,0.925000011920929
925,0.05874171108007431,0.9791666865348816,0.1954207718372345,0.925000011920929
926,0.06056942045688629,0.9708333611488342,0.20671696960926056,0.925000011920929
927,0.05995870754122734,0.9791666865348816,0.21028628945350647,0.925000011920929
928,0.05846475809812546,0.9750000238418579,0.18561668694019318,0.9375
929,0.059922028332948685,0.9666666388511658,0.2097509205341339,0.925000011920929
930,0.059381380677223206,0.9666666388511658,0.20042800903320312,0.925000011920929
931,0.05882546678185463,0.9833333492279053,0.19333086907863617,0.925000011920929
932,0.05745784938335419,0.9791666865348816,0.18046656250953674,0.949999988079071
933,0.060196805745363235,0.9750000238418579,0.20360605418682098,0.925000011920929
934,0.05847368761897087,0.9750000238418579,0.22201994061470032,0.925000011920929
935,0.05955563113093376,0.9708333611488342,0.1897740662097931,0.925000011920929
936,0.05988150089979172,0.9750000238418579,0.1910545527935028,0.925000011920929
937,0.059910938143730164,0.9708333611488342,0.20229260623455048,0.925000011920929
938,0.05929803103208542,0.9750000238418579,0.192532479763031,0.925000011920929
939,0.056520361453294754,0.9833333492279053,0.22832974791526794,0.925000011920929
940,0.05689263716340065,0.9791666865348816,0.18176813423633575,0.9375
941,0.06003415584564209,0.9750000238418579,0.19031551480293274,0.925000011920929
942,0.05885494872927666,0.9791666865348816,0.1920943260192871,0.925000011920929
943,0.05932915210723877,0.9791666865348816,0.196088045835495,0.925000011920929
944,0.056641869246959686,0.9791666865348816,0.17821133136749268,0.949999988079071
945,0.06062788888812065,0.9708333611488342,0.19421948492527008,0.925000011920929
946,0.05915197357535362,0.9750000238418579,0.20908930897712708,0.925000011920929
947,0.05925498902797699,0.9708333611488342,0.1920311152935028,0.925000011920929
948,0.058205343782901764,0.9750000238418579,0.19798530638217926,0.925000011920929
949,0.0566725917160511,0.9791666865348816,0.17983457446098328,0.949999988079071
950,0.05796634033322334,0.9708333611488342,0.21991877257823944,0.925000011920929
951,0.05713559314608574,0.9666666388511658,0.24014052748680115,0.9125000238418579
952,0.061071690171957016,0.9708333611488342,0.20856742560863495,0.925000011920929
953,0.059120312333106995,0.9791666865348816,0.21294613182544708,0.925000011920929
954,0.058854296803474426,0.9750000238418579,0.1954120695590973,0.925000011920929
955,0.056857045739889145,0.9708333611488342,0.23139408230781555,0.925000011920929
956,0.05898208171129227,0.9708333611488342,0.22047169506549835,0.925000011920929
957,0.0599030926823616,0.9708333611488342,0.2065160721540451,0.925000011920929
958,0.05607311800122261,0.9750000238418579,0.20641979575157166,0.925000011920929
959,0.05845016986131668,0.9708333611488342,0.20688681304454803,0.925000011920929
960,0.05712747573852539,0.9666666388511658,0.18467748165130615,0.9375
961,0.05943320691585541,0.9791666865348816,0.1967419981956482,0.925000011920929
962,0.05916578695178032,0.9750000238418579,0.21273283660411835,0.925000011920929
963,0.059147048741579056,0.9750000238418579,0.21469207108020782,0.925000011920929
964,0.0602823868393898,0.9750000238418579,0.2017216682434082,0.925000011920929
965,0.058907900005578995,0.9708333611488342,0.19038136303424835,0.925000011920929
966,0.05752824991941452,0.9750000238418579,0.22410623729228973,0.925000011920929
967,0.059367213398218155,0.9708333611488342,0.2199489176273346,0.925000011920929
968,0.05605695769190788,0.9791666865348816,0.18190835416316986,0.9375
969,0.05855412408709526,0.9750000238418579,0.20293018221855164,0.925000011920929
970,0.05823224037885666,0.9750000238418579,0.22495917975902557,0.925000011920929
971,0.05959892272949219,0.9666666388511658,0.20185258984565735,0.925000011920929
972,0.05919623374938965,0.9750000238418579,0.19845899939537048,0.925000011920929
973,0.0587754063308239,0.9750000238418579,0.19470800459384918,0.925000011920929
974,0.05957426503300667,0.9666666388511658,0.19719967246055603,0.925000011920929
975,0.05643400177359581,0.9750000238418579,0.1832587718963623,0.949999988079071
976,0.06063991039991379,0.9708333611488342,0.19875063002109528,0.925000011920929
977,0.05840179696679115,0.9750000238418579,0.21478307247161865,0.925000011920929
978,0.05867958813905716,0.9750000238418579,0.2240859717130661,0.925000011920929
979,0.05989963188767433,0.9750000238418579,0.21771354973316193,0.925000011920929
980,0.05713777244091034,0.9791666865348816,0.18619444966316223,0.9375
981,0.05760207027196884,0.9833333492279053,0.21149735152721405,0.925000011920929
982,0.05418889597058296,0.9708333611488342,0.17876072227954865,0.949999988079071
983,0.06076497957110405,0.9666666388511658,0.1944243609905243,0.925000011920929
984,0.05982053652405739,0.9708333611488342,0.2048029899597168,0.925000011920929
985,0.05819995701313019,0.9791666865348816,0.2253407984972,0.925000011920929
986,0.05887046083807945,0.9708333611488342,0.21132346987724304,0.925000011920929
987,0.05886836722493172,0.9791666865348816,0.2185952216386795,0.925000011920929
988,0.05955921486020088,0.9708333611488342,0.2002061903476715,0.925000011920929
989,0.058926619589328766,0.9833333492279053,0.2066391408443451,0.925000011920929
990,0.05725867673754692,0.9791666865348816,0.20155325531959534,0.925000011920929
991,0.05916367471218109,0.9708333611488342,0.20668239891529083,0.925000011920929
992,0.0563788041472435,0.9750000238418579,0.2216973751783371,0.925000011920929
993,0.05723262205719948,0.9791666865348816,0.2357560694217682,0.925000011920929
994,0.057346928864717484,0.9750000238418579,0.1922794133424759,0.925000011920929
995,0.05834188312292099,0.9791666865348816,0.21914426982402802,0.925000011920929
996,0.05855671688914299,0.9750000238418579,0.22794704139232635,0.925000011920929
997,0.05830048397183418,0.9708333611488342,0.19748036563396454,0.925000011920929
998,0.05802301689982414,0.9791666865348816,0.2054075449705124,0.925000011920929
999,0.058954764157533646,0.9708333611488342,0.19100992381572723,0.925000011920929
1000,0.05873937904834747,0.9750000238418579,0.19258682429790497,0.925000011920929
